{"5e23f4c97df1f06e37b30a5a4327fa55a7f4435e0284e6a65892fdae75514720": {"pubkey": "XiP0yX3x8G43swpaQyf6Vaf0Q14ChOamWJL9rnVRRyA=", "r": "a", "R": 15502338891588627066}, "2f30d6150c8309b8201e5ffff487a9dd222ef8b0109cd04bd96d0a74ca3f3778": {"pubkey": "LzDWFQyDCbggHl//9Iep3SIu+LAQnNBL2W0KdMo/N3g=", "r": "b", "R": 1197200106021333994}, "public": {"name": "public", "publicpubkey": "JDMqzFPTeoWHF+NZnGFAyLdnJxxO+6dZsCLYBgz13gU=", "ddpubkey": "MkzLZinWYv0SgOHyORRZ0Zgv91EvQ87KhGKNbOf3UHs=", "privkey": "1vV4lO73Hm/YPwjgUgSuhs63INJJDXAocDxrQsZKMU0=", "pubkey": "JDMqzFPTeoWHF+NZnGFAyLdnJxxO+6dZsCLYBgz13gU=", "hash": "24332acc53d37a858717e3599c6140c8b767271c4efba759b022d8060cf5de05"}, "52c72cfd7828da3cd87e3b385672a9b1ecd37d1619a0143cd7dc24c83e7a5755": {"pubkey": "Uscs/Xgo2jzYfjs4VnKpsezTfRYZoBQ819wkyD56V1U=", "r": "c", "R": 3843031501557459894}}